first_name,second_name,total_points,price,minutes,team_name,team_short,position,points_per_price
Marcos,Senesi Barón,25,46,270,Bournemouth,BOU,DEF,0.5434782608695652
Trevoh,Chalobah,27,51,248,Chelsea,CHE,DEF,0.5294117647058824
Marc,Guéhi,23,46,270,Crystal Palace,CRY,DEF,0.5
Riccardo,Calafiori,28,56,224,Arsenal,ARS,DEF,0.5
Jurriën,Timber,26,56,172,Arsenal,ARS,DEF,0.4642857142857143
Maxence,Lacroix,22,50,270,Crystal Palace,CRY,DEF,0.44
Gabriel,Gudmundsson,17,40,259,Leeds,LEE,DEF,0.425
Guglielmo,Vicario,21,50,270,Spurs,TOT,GKP,0.42
Joe,Rodon,16,40,270,Leeds,LEE,DEF,0.4
Josh,Cullen,20,50,270,Burnley,BUR,MID,0.4
Daniel,Ballard,18,46,98,Sunderland,SUN,DEF,0.391304347826087
Jaidon,Anthony,21,55,264,Burnley,BUR,MID,0.38181818181818183
Enzo,Fernández,25,66,258,Chelsea,CHE,MID,0.3787878787878788
Robin,Roefs,17,45,270,Sunderland,SUN,GKP,0.37777777777777777
Tino,Livramento,19,51,270,Newcastle,NEW,DEF,0.37254901960784315
Nick,Pope,18,50,270,Newcastle,NEW,GKP,0.36
Lucas,Tolentino Coelho de Lima,21,59,270,West Ham,WHU,MID,0.3559322033898305
Chris,Richards,16,45,270,Crystal Palace,CRY,DEF,0.35555555555555557
Bafodé,Diakité,16,45,270,Bournemouth,BOU,DEF,0.35555555555555557
Daniel,Muñoz Mejía,19,55,270,Crystal Palace,CRY,DEF,0.34545454545454546
Dan,Burn,17,50,270,Newcastle,NEW,DEF,0.34
Robert,Lynch Sánchez,17,50,270,Chelsea,CHE,GKP,0.34
João Pedro,Junqueira de Jesus,26,77,252,Chelsea,CHE,FWD,0.33766233766233766
Jack,Grealish,22,67,196,Everton,EVE,MID,0.3283582089552239
Jordan,Pickford,18,55,270,Everton,EVE,GKP,0.32727272727272727
Marcus,Tavernier,18,55,247,Bournemouth,BOU,MID,0.32727272727272727
David,Raya Martín,18,55,270,Arsenal,ARS,GKP,0.32727272727272727
Hjalmar,Ekdal,13,40,262,Burnley,BUR,DEF,0.325
Kiernan,Dewsbury-Hall,16,50,270,Everton,EVE,MID,0.32
James,Garner,16,50,270,Everton,EVE,MID,0.32
Tyrick,Mitchell,16,50,270,Crystal Palace,CRY,DEF,0.32
Marc,Cucurella Saseta,19,61,248,Chelsea,CHE,DEF,0.3114754098360656
Pascal,Struijk,14,45,270,Leeds,LEE,DEF,0.3111111111111111
El Hadji Malick,Diouf,14,45,270,West Ham,WHU,DEF,0.3111111111111111
Sepp,van den Berg,14,45,270,Brentford,BRE,DEF,0.3111111111111111
Antoine,Semenyo,23,74,270,Bournemouth,BOU,MID,0.3108108108108108
Moisés,Caicedo Corozo,17,55,270,Chelsea,CHE,MID,0.3090909090909091
Cristian,Romero,15,50,270,Spurs,TOT,DEF,0.3
Dean,Henderson,15,50,270,Crystal Palace,CRY,GKP,0.3
Michael,Keane,13,45,270,Everton,EVE,DEF,0.28888888888888886
Adrien,Truffert,13,45,270,Bournemouth,BOU,DEF,0.28888888888888886
Đorđe,Petrović,13,45,270,Bournemouth,BOU,GKP,0.28888888888888886
Djed,Spence,13,45,270,Spurs,TOT,DEF,0.28888888888888886
Richarlison,de Andrade,19,67,238,Spurs,TOT,FWD,0.2835820895522388
Micky,van de Ven,13,46,270,Spurs,TOT,DEF,0.2826086956521739
Dan,Ndoye,17,61,205,Nott'm Forest,NFO,MID,0.2786885245901639
Ismaïla,Sarr,18,65,270,Crystal Palace,CRY,MID,0.27692307692307694
Fabian,Schär,15,55,260,Newcastle,NEW,DEF,0.2727272727272727
James,Tarkowski,15,55,270,Everton,EVE,DEF,0.2727272727272727
Pedro,Porro Sauceda,15,56,250,Spurs,TOT,DEF,0.26785714285714285
Lucas Estella,Perri,12,45,270,Leeds,LEE,GKP,0.26666666666666666
Michael,Kayode,12,45,264,Brentford,BRE,DEF,0.26666666666666666
Enzo,Le Fée,13,49,131,Sunderland,SUN,MID,0.2653061224489796
William,Saliba,16,61,184,Arsenal,ARS,DEF,0.26229508196721313
Iliman,Ndiaye,17,65,243,Everton,EVE,MID,0.26153846153846155
Dominik,Szoboszlai,17,65,270,Liverpool,LIV,MID,0.26153846153846155
Rico,Lewis,13,50,160,Man City,MCI,DEF,0.26
Keane,Lewis-Potter,13,50,229,Brentford,BRE,DEF,0.26
Anton,Stach,13,50,270,Leeds,LEE,MID,0.26
Kieran,Trippier,13,50,226,Newcastle,NEW,DEF,0.26
Cody,Gakpo,20,77,270,Liverpool,LIV,MID,0.2597402597402597
Wilson,Isidor,14,55,66,Sunderland,SUN,FWD,0.2545454545454545
Brennan,Johnson,18,71,209,Spurs,TOT,MID,0.2535211267605634
Hugo,Ekitiké,22,87,228,Liverpool,LIV,FWD,0.25287356321839083
Martin,Dúbravka,10,40,270,Burnley,BUR,GKP,0.25
Dango,Ouattara,15,60,173,Brentford,BRE,MID,0.25
Reinildo,Mandava,10,40,270,Sunderland,SUN,DEF,0.25
Declan,Rice,16,65,262,Arsenal,ARS,MID,0.24615384615384617
Tijjani,Reijnders,14,57,270,Man City,MCI,MID,0.24561403508771928
Leny,Yoro,11,45,260,Man Utd,MUN,DEF,0.24444444444444444
Jayden,Bogle,11,45,262,Leeds,LEE,DEF,0.24444444444444444
Nathan,Collins,12,50,270,Brentford,BRE,DEF,0.24
Matthijs,de Ligt,12,50,270,Man Utd,MUN,DEF,0.24
João Maria,Lobo Alves Palhares Costa Palhinha Gonçalves,13,55,153,Spurs,TOT,MID,0.23636363636363636
Igor Thiago,Nascimento Rodrigues,14,60,270,Brentford,BRE,FWD,0.23333333333333334
Callum,Hudson-Odoi,14,60,249,Nott'm Forest,NFO,MID,0.23333333333333334
Virgil,van Dijk,14,60,270,Liverpool,LIV,DEF,0.23333333333333334
Gabriel,dos Santos Magalhães,14,61,270,Arsenal,ARS,DEF,0.22950819672131148
Mohammed,Kudus,15,66,259,Spurs,TOT,MID,0.22727272727272727
Josh,Acheampong,9,40,90,Chelsea,CHE,DEF,0.225
Omar,Alderete,9,40,217,Sunderland,SUN,DEF,0.225
Tosin,Adarabioyo,10,45,180,Chelsea,CHE,DEF,0.2222222222222222
Matty,Cash,10,45,253,Aston Villa,AVL,DEF,0.2222222222222222
Chris,Wood,17,77,237,Nott'm Forest,NFO,FWD,0.22077922077922077
James,Trafford,11,50,270,Man City,MCI,GKP,0.22
Pape Matar,Sarr,11,50,255,Spurs,TOT,MID,0.22
Chemsdine,Talbi,11,50,216,Sunderland,SUN,MID,0.22
Granit,Xhaka,11,50,270,Sunderland,SUN,MID,0.22
David,Brooks,11,50,212,Bournemouth,BOU,MID,0.22
Matt,O'Riley,12,55,177,Brighton,BHA,MID,0.21818181818181817
Eliezer,Mayenda Dossou,12,55,201,Sunderland,SUN,FWD,0.21818181818181817
Maxime,Estève,8,40,262,Burnley,BUR,DEF,0.2
Lyle,Foster,10,50,248,Burnley,BUR,FWD,0.2
Joachim,Andersen,9,45,270,Fulham,FUL,DEF,0.2
Tyrone,Mings,9,45,270,Aston Villa,AVL,DEF,0.2
Trai,Hume,9,45,270,Sunderland,SUN,DEF,0.2
Lucas,Digne,9,45,160,Aston Villa,AVL,DEF,0.2
Quilindschy,Hartman,8,40,270,Burnley,BUR,DEF,0.2
Tyler,Adams,10,50,267,Bournemouth,BOU,MID,0.2
Pedro,Lomba Neto,13,70,260,Chelsea,CHE,MID,0.18571428571428572
Brajan,Gruda,10,54,41,Brighton,BHA,MID,0.18518518518518517
Bruno,Guimarães Rodriguez Moura,12,65,270,Newcastle,NEW,MID,0.18461538461538463
Elliot,Anderson,10,55,270,Nott'm Forest,NFO,MID,0.18181818181818182
Alisson,Becker,10,55,270,Liverpool,LIV,GKP,0.18181818181818182
Oscar,Bobb,10,55,254,Man City,MCI,MID,0.18181818181818182
Hannibal,Mejbri,9,50,208,Burnley,BUR,MID,0.18
Jake,O'Brien,9,50,270,Everton,EVE,DEF,0.18
Yehor,Yarmoliuk,9,50,258,Brentford,BRE,MID,0.18
Malo,Gusto,9,50,169,Chelsea,CHE,DEF,0.18
Frank,Onyeka,9,50,61,Brentford,BRE,MID,0.18
Rodrigo,Martins Gomes,8,45,44,Wolves,WOL,DEF,0.17777777777777778
Lewis,Dunk,8,45,270,Brighton,BHA,DEF,0.17777777777777778
Adam,Smith,8,45,204,Bournemouth,BOU,DEF,0.17777777777777778
Mads,Hermansen,8,45,270,West Ham,WHU,GKP,0.17777777777777778
James,Hill,7,40,67,Bournemouth,BOU,DEF,0.175
Bryan,Mbeumo,14,81,270,Man Utd,MUN,MID,0.1728395061728395
Erling,Haaland,24,141,252,Man City,MCI,FWD,0.1702127659574468
Jacob,Bruun Larsen,9,54,176,Burnley,BUR,MID,0.16666666666666666
Rayan,Aït-Nouri,10,60,202,Man City,MCI,DEF,0.16666666666666666
Norberto Bercique,Gomes Betuncal,9,54,191,Everton,EVE,FWD,0.16666666666666666
Jarrod,Bowen,13,78,270,West Ham,WHU,FWD,0.16666666666666666
Martín,Zubimendi Ibáñez,9,55,270,Arsenal,ARS,MID,0.16363636363636364
Ryan,Gravenberch,9,55,180,Liverpool,LIV,MID,0.16363636363636364
Habib,Diarra,9,55,255,Sunderland,SUN,MID,0.16363636363636364
Marshall,Munetsi,9,55,270,Wolves,WOL,MID,0.16363636363636364
Sven,Botman,8,49,67,Newcastle,NEW,DEF,0.16326530612244897
Ibrahim,Sangaré,8,50,265,Nott'm Forest,NFO,MID,0.16
Bernd,Leno,8,50,270,Fulham,FUL,GKP,0.16
Lukas,Nmecha,8,50,113,Leeds,LEE,FWD,0.16
Kyle,Walker-Peters,7,44,110,West Ham,WHU,DEF,0.1590909090909091
Francisco Evanilson,de Lima Barbosa,11,70,257,Bournemouth,BOU,FWD,0.15714285714285714
Kenny,Tete,7,45,270,Fulham,FUL,DEF,0.15555555555555556
Bruno,Borges Fernandes,14,90,270,Man Utd,MUN,MID,0.15555555555555556
Viktor,Gyökeres,14,90,239,Arsenal,ARS,FWD,0.15555555555555556
Caoimhín,Kelleher,7,45,270,Brentford,BRE,GKP,0.15555555555555556
Marco,Bizot,7,45,180,Aston Villa,AVL,GKP,0.15555555555555556
Kyle,Walker,7,45,270,Burnley,BUR,DEF,0.15555555555555556
Alex,Iwobi,10,65,238,Fulham,FUL,MID,0.15384615384615385
Callum,Wilson,9,59,90,West Ham,WHU,FWD,0.15254237288135594
Hwang,Hee-chan,9,59,95,Wolves,WOL,MID,0.15254237288135594
Yankuba,Minteh,9,59,248,Brighton,BHA,MID,0.15254237288135594
Sandro,Tonali,8,54,245,Newcastle,NEW,MID,0.14814814814814814
Simon,Adingra,8,55,162,Sunderland,SUN,MID,0.14545454545454545
John,Stones,8,55,261,Man City,MCI,DEF,0.14545454545454545
Rúben,dos Santos Gato Alves Dias,8,55,185,Man City,MCI,DEF,0.14545454545454545
Rodrigo,Muniz Carvalho,8,55,152,Fulham,FUL,FWD,0.14545454545454545
William,Osula,8,55,105,Newcastle,NEW,FWD,0.14545454545454545
Sean,Longstaff,7,49,123,Leeds,LEE,MID,0.14285714285714285
Mitoma,Kaoru,9,64,262,Brighton,BHA,MID,0.140625
James,Milner,7,50,32,Brighton,BHA,MID,0.14
Alex,Scott,7,50,200,Bournemouth,BOU,MID,0.14
Mats,Wieffer,7,50,174,Brighton,BHA,MID,0.14
Jordan,Henderson,7,50,159,Brentford,BRE,MID,0.14
Noah,Sadiki,7,50,270,Sunderland,SUN,MID,0.14
Maximilian,Kilman,6,44,270,West Ham,WHU,DEF,0.13636363636363635
Konstantinos,Mavropanos,6,44,90,West Ham,WHU,DEF,0.13636363636363635
Emile,Smith Rowe,8,59,55,Fulham,FUL,MID,0.13559322033898305
Diogo,Dalot Teixeira,6,45,182,Man Utd,MUN,DEF,0.13333333333333333
Rio,Ngumoha,6,45,1,Liverpool,LIV,MID,0.13333333333333333
David,Møller Wolfe,6,45,131,Wolves,WOL,DEF,0.13333333333333333
Josh,King,6,45,212,Fulham,FUL,MID,0.13333333333333333
Harry,Wilson,7,54,148,Fulham,FUL,MID,0.12962962962962962
Idrissa Gana,Gueye,7,54,255,Everton,EVE,MID,0.12962962962962962
Curtis,Jones,7,54,137,Liverpool,LIV,MID,0.12962962962962962
André,Trindade da Costa Neto,7,55,179,Wolves,WOL,MID,0.12727272727272726
Reece,James,7,55,108,Chelsea,CHE,DEF,0.12727272727272726
Crysencio,Summerville,7,55,8,West Ham,WHU,MID,0.12727272727272726
John,McGinn,7,55,229,Aston Villa,AVL,MID,0.12727272727272726
Carlos Henrique,Casimiro,7,55,187,Man Utd,MUN,MID,0.12727272727272726
Ibrahima,Konaté,7,55,258,Liverpool,LIV,DEF,0.12727272727272726
Alexis,Mac Allister,8,64,131,Liverpool,LIV,MID,0.125
Estêvão,Almeida de Oliveira Gonçalves,8,65,179,Chelsea,CHE,MID,0.12307692307692308
Federico,Chiesa,8,65,29,Liverpool,LIV,MID,0.12307692307692308
Amadou,Onana,6,50,153,Aston Villa,AVL,MID,0.12
Yasin,Ayari,6,50,185,Brighton,BHA,MID,0.12
Adam,Wharton,6,50,226,Crystal Palace,CRY,MID,0.12
Ola,Aina,6,50,270,Nott'm Forest,NFO,DEF,0.12
Matz,Sels,6,50,270,Nott'm Forest,NFO,GKP,0.12
Lesley,Ugochukwu,6,50,170,Burnley,BUR,MID,0.12
Sander,Berge,6,50,245,Fulham,FUL,MID,0.12
Daichi,Kamada,6,50,85,Crystal Palace,CRY,MID,0.12
Ilia,Gruev,6,50,192,Leeds,LEE,MID,0.12
Saša,Lukić,6,50,270,Fulham,FUL,MID,0.12
Morgan,Gibbs-White,9,75,254,Nott'm Forest,NFO,MID,0.12
James,Ward-Prowse,7,59,234,West Ham,WHU,MID,0.11864406779661017
Mikkel,Damsgaard,7,59,180,Brentford,BRE,MID,0.11864406779661017
Youri,Tielemans,7,59,270,Aston Villa,AVL,MID,0.11864406779661017
Georginio,Rutter,7,59,97,Brighton,BHA,MID,0.11864406779661017
Milos,Kerkez,7,60,239,Liverpool,LIV,DEF,0.11666666666666667
Luke,Shaw,5,45,255,Man Utd,MUN,DEF,0.1111111111111111
Benjamin,White,6,54,70,Arsenal,ARS,DEF,0.1111111111111111
Daniel,James,6,54,201,Leeds,LEE,MID,0.1111111111111111
Emmanuel,Agbadou,5,45,270,Wolves,WOL,DEF,0.1111111111111111
Bart,Verbruggen,5,45,270,Brighton,BHA,GKP,0.1111111111111111
Max,Dowman,5,45,27,Arsenal,ARS,MID,0.1111111111111111
Mohamed,Salah,16,145,270,Liverpool,LIV,MID,0.1103448275862069
Amad,Diallo,7,64,176,Man Utd,MUN,MID,0.109375
Rodrigo,Bentancur,6,55,199,Spurs,TOT,MID,0.10909090909090909
Rayan,Cherki,7,65,70,Man City,MCI,MID,0.1076923076923077
Omar,Marmoush,9,84,148,Man City,MCI,MID,0.10714285714285714
Jean-Philippe,Mateta,8,75,261,Crystal Palace,CRY,FWD,0.10666666666666667
Tomáš,Souček,6,58,178,West Ham,WHU,MID,0.10344827586206896
Will,Hughes,5,49,229,Crystal Palace,CRY,MID,0.10204081632653061
Carlos,Baleba,5,49,172,Brighton,BHA,MID,0.10204081632653061
Altay,Bayındır,5,50,270,Man Utd,MUN,GKP,0.1
Loum,Tchaouna,5,50,48,Burnley,BUR,MID,0.1
Endo,Wataru,5,50,32,Liverpool,LIV,MID,0.1
Tim,Iroegbunam,5,50,154,Everton,EVE,MID,0.1
Mason,Mount,6,60,177,Man Utd,MUN,MID,0.1
Nordi,Mukiele,4,40,90,Sunderland,SUN,DEF,0.1
Morgan,Rogers,7,70,270,Aston Villa,AVL,MID,0.1
Bernardo,Mota Veiga de Carvalho e Silva,6,64,172,Man City,MCI,MID,0.09375
Wilfried,Gnonto,5,54,190,Leeds,LEE,MID,0.09259259259259259
Lucas,Bergvall,5,54,119,Spurs,TOT,MID,0.09259259259259259
Harvey,Barnes,6,65,186,Newcastle,NEW,MID,0.09230769230769231
Bukayo,Saka,9,99,142,Arsenal,ARS,MID,0.09090909090909091
João Victor,Gomes da Silva,5,55,270,Wolves,WOL,MID,0.09090909090909091
Nikola,Milenković,5,55,270,Nott'm Forest,NFO,DEF,0.09090909090909091
José,Malheiro de Sá,4,45,270,Wolves,WOL,GKP,0.08888888888888889
Justin,Devenny,4,45,76,Crystal Palace,CRY,MID,0.08888888888888889
Maxim,De Cuyper,4,45,246,Brighton,BHA,DEF,0.08888888888888889
Hamed,Traorè,4,45,16,Bournemouth,BOU,MID,0.08888888888888889
Calvin,Bassey,4,45,270,Fulham,FUL,DEF,0.08888888888888889
Jan Paul,van Hecke,4,45,270,Brighton,BHA,DEF,0.08888888888888889
Santiago,Ignacio Bueno,4,45,124,Wolves,WOL,DEF,0.08888888888888889
Ezri,Konsa Ngoyo,4,45,155,Aston Villa,AVL,DEF,0.08888888888888889
Martin,Ødegaard,7,79,147,Arsenal,ARS,MID,0.08860759493670886
Niclas,Füllkrug,5,58,198,West Ham,WHU,FWD,0.08620689655172414
Anthony,Elanga,6,70,195,Newcastle,NEW,MID,0.08571428571428572
Noni,Madueke,6,70,181,Arsenal,ARS,MID,0.08571428571428572
Florian,Wirtz,7,84,248,Liverpool,LIV,MID,0.08333333333333333
Tanaka,Ao,4,49,147,Leeds,LEE,MID,0.08163265306122448
Neco,Williams,4,50,270,Nott'm Forest,NFO,DEF,0.08
Jérémy,Doku,5,64,119,Man City,MCI,MID,0.078125
Donyell,Malen,4,53,114,Aston Villa,AVL,MID,0.07547169811320754
Oliver,Sonne,3,40,102,Burnley,BUR,DEF,0.075
Jean-Ricner,Bellegarde,4,54,143,Wolves,WOL,MID,0.07407407407407407
Ryan,Sessegnon,4,54,127,Fulham,FUL,MID,0.07407407407407407
Jhon,Arias,4,54,135,Wolves,WOL,MID,0.07407407407407407
Murillo,Costa dos Santos,4,55,270,Nott'm Forest,NFO,DEF,0.07272727272727272
Nayef,Aguerd,3,44,180,West Ham,WHU,DEF,0.06818181818181818
Joelinton Cássio,Apolinário de Lira,4,59,157,Newcastle,NEW,MID,0.06779661016949153
Mikel,Merino Zazón,4,59,76,Arsenal,ARS,MID,0.06779661016949153
Thierno,Barry,4,59,81,Everton,EVE,FWD,0.06779661016949153
Ollie,Watkins,6,89,270,Aston Villa,AVL,FWD,0.06741573033707865
Pau,Torres,3,45,106,Aston Villa,AVL,DEF,0.06666666666666667
Nico,González Iglesias,4,60,164,Man City,MCI,MID,0.06666666666666667
Eli Junior,Kroupi,3,45,12,Bournemouth,BOU,FWD,0.06666666666666667
Patrick,Dorgu,3,45,180,Man Utd,MUN,DEF,0.06666666666666667
Lewis,Miley,3,45,76,Newcastle,NEW,MID,0.06666666666666667
Timothy,Castagne,3,45,126,Fulham,FUL,DEF,0.06666666666666667
Liam,Delap,4,63,91,Chelsea,CHE,FWD,0.06349206349206349
Jacob,Murphy,4,63,73,Newcastle,NEW,MID,0.06349206349206349
Jørgen,Strand Larsen,4,64,158,Wolves,WOL,FWD,0.0625
Raúl,Jiménez Rodríguez,4,64,115,Fulham,FUL,FWD,0.0625
Matheus,Santos Carneiro da Cunha,5,81,210,Man Utd,MUN,MID,0.06172839506172839
Ethan,Ampadu,3,49,77,Leeds,LEE,MID,0.061224489795918366
Fábio,Freitas Gouveia Carvalho,3,49,91,Brentford,BRE,MID,0.061224489795918366
Mathias,Jensen,3,49,79,Brentford,BRE,MID,0.061224489795918366
Tyrique,George,3,49,66,Chelsea,CHE,MID,0.061224489795918366
Boubacar,Kamara,3,49,105,Aston Villa,AVL,MID,0.061224489795918366
Archie,Gray,3,49,70,Spurs,TOT,MID,0.061224489795918366
Jefferson,Lerma Solís,3,50,62,Crystal Palace,CRY,MID,0.06
Diego,Gómez Amarilla,3,50,104,Brighton,BHA,MID,0.06
Josh,Laurent,3,50,97,Burnley,BUR,MID,0.06
Gabriel,Martinelli Silva,4,69,128,Arsenal,ARS,MID,0.057971014492753624
Kevin,Schade,4,70,212,Brentford,BRE,MID,0.05714285714285714
Jack,Hinshelwood,3,53,105,Brighton,BHA,MID,0.05660377358490566
Brenden,Aaronson,3,54,77,Leeds,LEE,MID,0.05555555555555555
Joël,Piroe,3,54,134,Leeds,LEE,FWD,0.05555555555555555
Carlos,Alcaraz Durán,3,54,113,Everton,EVE,MID,0.05555555555555555
Cristhian,Mosquera,3,54,111,Arsenal,ARS,DEF,0.05555555555555555
Wilson,Odobert,3,54,58,Spurs,TOT,MID,0.05555555555555555
Matheus,Nunes,3,54,108,Man City,MCI,DEF,0.05555555555555555
Mateus Gonçalo,Espanha Fernandes,3,55,81,West Ham,WHU,MID,0.05454545454545454
Eberechi,Eze,4,75,103,Arsenal,ARS,MID,0.05333333333333334
Igor Jesus,Maciel da Cruz,3,59,30,Nott'm Forest,NFO,FWD,0.05084745762711865
Jenson,Seelt,2,40,133,Sunderland,SUN,DEF,0.05
Joe,Worrall,2,40,14,Burnley,BUR,DEF,0.05
Ki-Jana,Hoever,2,40,106,Wolves,WOL,DEF,0.05
Jamie,Bynoe-Gittens,3,63,88,Chelsea,CHE,MID,0.047619047619047616
Danny,Welbeck,3,64,171,Brighton,BHA,FWD,0.046875
Rodrigo 'Rodri',Hernandez Cascante,3,64,105,Man City,MCI,MID,0.046875
Ian,Maatsen,2,44,109,Aston Villa,AVL,DEF,0.045454545454545456
Marc,Guiu Paz,2,44,13,Chelsea,CHE,FWD,0.045454545454545456
Andy,Irving,2,45,23,West Ham,WHU,MID,0.044444444444444446
Jackson,Tchatchoua,2,45,117,Wolves,WOL,DEF,0.044444444444444446
Andrey,Nascimento dos Santos,2,45,48,Chelsea,CHE,MID,0.044444444444444446
Hugo,Bueno López,2,45,137,Wolves,WOL,DEF,0.044444444444444446
Jorge,Cuenca Barreno,2,45,83,Fulham,FUL,DEF,0.044444444444444446
Harry,Maguire,2,45,13,Man Utd,MUN,DEF,0.044444444444444446
Ryan,Yates,2,49,8,Nott'm Forest,NFO,MID,0.04081632653061224
Guido,Rodríguez,2,49,70,West Ham,WHU,MID,0.04081632653061224
Manuel,Ugarte Ribeiro,2,49,46,Man Utd,MUN,MID,0.04081632653061224
Benjamin,Sesko,3,74,80,Man Utd,MUN,FWD,0.04054054054054054
Antonee,Robinson,2,50,51,Fulham,FUL,DEF,0.04
Emiliano,Martínez Romero,2,50,90,Aston Villa,AVL,GKP,0.04
Joe,Gomez,2,50,29,Liverpool,LIV,DEF,0.04
Ryan,Christie,2,50,51,Bournemouth,BOU,MID,0.04
Emiliano,Buendía Stati,2,53,103,Aston Villa,AVL,MID,0.03773584905660377
Zian,Flemming,2,54,20,Burnley,BUR,FWD,0.037037037037037035
Fer,López González,2,54,44,Wolves,WOL,MID,0.037037037037037035
Adama,Traoré Diarra,2,54,30,Fulham,FUL,MID,0.037037037037037035
Lewis,Hall,2,54,43,Newcastle,NEW,DEF,0.037037037037037035
Abdukodir,Khusanov,2,54,92,Man City,MCI,DEF,0.037037037037037035
Jack,Harrison,2,54,42,Leeds,LEE,MID,0.037037037037037035
James,McAtee,2,55,50,Nott'm Forest,NFO,MID,0.03636363636363636
Jacob,Ramsey,2,55,59,Newcastle,NEW,MID,0.03636363636363636
Amine,Adli,2,55,50,Bournemouth,BOU,MID,0.03636363636363636
Omari,Hutchinson,2,55,9,Nott'm Forest,NFO,MID,0.03636363636363636
Arnaud,Kalimuendo,2,60,20,Nott'm Forest,NFO,FWD,0.03333333333333333
Mathys,Tel,2,63,19,Spurs,TOT,MID,0.031746031746031744
Evann,Guessand,2,64,60,Aston Villa,AVL,MID,0.03125
Cole,Palmer,3,104,90,Chelsea,CHE,MID,0.028846153846153848
Justin,Kluivert,2,70,21,Bournemouth,BOU,MID,0.02857142857142857
Dominic,Solanke-Mitchell,2,73,31,Spurs,TOT,FWD,0.0273972602739726
Lamare,Bogarde,1,40,22,Aston Villa,AVL,DEF,0.025
Sam,Byram,1,40,7,Leeds,LEE,DEF,0.025
Ayden,Heaven,1,40,3,Man Utd,MUN,DEF,0.025
Nathaniel,Clyne,1,40,4,Crystal Palace,CRY,DEF,0.025
James,Justin,1,40,10,Leeds,LEE,DEF,0.025
Aaron,Hickey,1,40,13,Brentford,BRE,DEF,0.025
Joël,Veltman,1,44,90,Brighton,BHA,DEF,0.022727272727272728
Wesley,Fofana,1,44,21,Chelsea,CHE,DEF,0.022727272727272728
Kevin,Danso,1,44,1,Spurs,TOT,DEF,0.022727272727272728
Destiny,Udogie,1,44,19,Spurs,TOT,DEF,0.022727272727272728
Freddie,Potts,1,44,45,West Ham,WHU,MID,0.022727272727272728
Jean-Clair,Todibo,1,44,126,West Ham,WHU,DEF,0.022727272727272728
Aaron,Wan-Bissaka,1,44,180,West Ham,WHU,DEF,0.022727272727272728
Diego,Coppola,1,44,1,Brighton,BHA,DEF,0.022727272727272728
Harrison,Armstrong,1,45,1,Everton,EVE,MID,0.022222222222222223
Bradley,Burrowes,1,45,16,Aston Villa,AVL,MID,0.022222222222222223
Kristoffer,Ajer,1,45,5,Brentford,BRE,DEF,0.022222222222222223
Séamus,Coleman,1,45,1,Everton,EVE,DEF,0.022222222222222223
Ben,Winterburn,1,45,6,Bournemouth,BOU,MID,0.022222222222222223
Toti,Gomes,1,45,228,Wolves,WOL,DEF,0.022222222222222223
Rico,Henry,1,45,111,Brentford,BRE,DEF,0.022222222222222223
Marcus,Edwards,1,49,5,Burnley,BUR,MID,0.02040816326530612
Saša,Kalajdžić,1,49,14,Wolves,WOL,FWD,0.02040816326530612
Vitalii,Mykolenko,1,49,90,Everton,EVE,DEF,0.02040816326530612
Romain,Esse,1,49,24,Crystal Palace,CRY,MID,0.02040816326530612
Chris,Rigg,1,49,1,Sunderland,SUN,MID,0.02040816326530612
Kobbie,Mainoo,1,49,45,Man Utd,MUN,MID,0.02040816326530612
Noussair,Mazraoui,1,49,5,Man Utd,MUN,DEF,0.02040816326530612
Nico,O'Reilly,1,49,42,Man City,MCI,DEF,0.02040816326530612
Odsonne,Édouard,1,50,2,Crystal Palace,CRY,FWD,0.02
Malick,Thiaw,1,50,9,Newcastle,NEW,DEF,0.02
Patrick,Roberts,1,54,27,Sunderland,SUN,MID,0.018518518518518517
Harvey,Elliott,1,54,1,Aston Villa,AVL,MID,0.018518518518518517
João Pedro,Ferreira da Silva,1,54,11,Nott'm Forest,NFO,MID,0.018518518518518517
Antoni,Milambo,1,54,45,Brentford,BRE,MID,0.018518518518518517
Myles,Lewis-Skelly,1,54,44,Arsenal,ARS,DEF,0.018518518518518517
Ethan,Nwaneri,1,54,52,Arsenal,ARS,MID,0.018518518518518517
Nathan,Aké,1,55,67,Man City,MCI,DEF,0.01818181818181818
Noah,Okafor,1,55,24,Leeds,LEE,MID,0.01818181818181818
Dominic,Calvert-Lewin,1,55,20,Leeds,LEE,FWD,0.01818181818181818
Dwight,McNeil,1,58,19,Everton,EVE,MID,0.017241379310344827
Joshua,Zirkzee,1,59,59,Man Utd,MUN,FWD,0.01694915254237288
Jeremie,Frimpong,1,59,59,Liverpool,LIV,DEF,0.01694915254237288
Yéremy,Pino Santos,1,60,19,Crystal Palace,CRY,MID,0.016666666666666666
Leandro,Trossard,1,69,37,Arsenal,ARS,MID,0.014492753623188406
Kai,Havertz,1,74,30,Arsenal,ARS,FWD,0.013513513513513514
Anthony,Gordon,1,74,137,Newcastle,NEW,MID,0.013513513513513514
Phil,Foden,1,80,15,Man City,MCI,MID,0.0125
Álex,Jiménez Sánchez,0,45,0,Bournemouth,BOU,DEF,0.0
Levi,Samuels Colwill,0,49,0,Chelsea,CHE,DEF,0.0
Reiss,Nelson,0,49,0,Brentford,BRE,MID,0.0
Veljko,Milosavljevic,0,45,0,Bournemouth,BOU,DEF,0.0
Diego,León Blanco,0,44,0,Man Utd,MUN,DEF,0.0
Gabriel,Słonina,0,40,0,Chelsea,CHE,GKP,0.0
Alex,Murphy,0,40,0,Newcastle,NEW,DEF,0.0
Harrison,Ashby,0,40,0,Newcastle,NEW,DEF,0.0
Mike,Penders,0,40,0,Chelsea,CHE,GKP,0.0
Filip,Jörgensen,0,44,0,Chelsea,CHE,GKP,0.0
Facundo,Buonanotte,0,49,0,Chelsea,CHE,MID,0.0
Charalampos,Kostoulas,0,49,0,Brighton,BHA,FWD,0.0
Mykhailo,Mudryk,0,50,0,Chelsea,CHE,MID,0.0
Miodrag,Pivaš,0,40,0,Newcastle,NEW,DEF,0.0
Roméo,Lavia,0,49,0,Chelsea,CHE,MID,0.0
Jamaal,Lascelles,0,44,0,Newcastle,NEW,DEF,0.0
Zeki,Amdouni,0,49,0,Burnley,BUR,FWD,0.0
Ashley,Barnes,0,44,0,Burnley,BUR,FWD,0.0
Michael,Obafemi,0,44,0,Burnley,BUR,FWD,0.0
Armando,Broja,0,54,0,Burnley,BUR,FWD,0.0
Florentino Ibrain,Morris Luís,0,50,0,Burnley,BUR,MID,0.0
Norberto,Murara Neto,0,45,0,Bournemouth,BOU,GKP,0.0
Will,Dennis,0,40,0,Bournemouth,BOU,GKP,0.0
Darko,Churlinov,0,49,0,Burnley,BUR,MID,0.0
Luca,Koleosho,0,50,0,Burnley,BUR,MID,0.0
Aaron,Ramsey,0,44,0,Burnley,BUR,MID,0.0
Tom,Watson,0,50,0,Brighton,BHA,MID,0.0
Jaydon,Banel,0,45,0,Burnley,BUR,MID,0.0
Mike,Trésor Ndayishimiye,0,45,0,Burnley,BUR,MID,0.0
Joe,Willock,0,50,0,Newcastle,NEW,MID,0.0
Isaac,Hayden,0,45,0,Newcastle,NEW,MID,0.0
Garang,Kuol,0,45,0,Newcastle,NEW,MID,0.0
Joe,White,0,45,0,Newcastle,NEW,MID,0.0
Sean,Neave,0,44,0,Newcastle,NEW,FWD,0.0
Aaron,Ramsdale,0,49,0,Newcastle,NEW,GKP,0.0
Enock,Agyei,0,49,0,Burnley,BUR,MID,0.0
Emil,Krafth,0,45,0,Newcastle,NEW,DEF,0.0
Oluwaseun,Adewumi,0,45,0,Burnley,BUR,MID,0.0
Lisandro,Martínez,0,49,0,Man Utd,MUN,DEF,0.0
Dermot,Mee,0,40,0,Man Utd,MUN,GKP,0.0
Tom,Heaton,0,40,0,Man Utd,MUN,GKP,0.0
Elyh,Harrison,0,40,0,Man Utd,MUN,GKP,0.0
André,Onana,0,49,0,Man Utd,MUN,GKP,0.0
Gianluigi,Donnarumma,0,55,0,Man City,MCI,GKP,0.0
Romain,Faivre,0,45,0,Bournemouth,BOU,MID,0.0
Luis,Sinisterra Lucumí,0,50,0,Bournemouth,BOU,MID,0.0
Philip,Billing,0,49,0,Bournemouth,BOU,MID,0.0
Lewis,Cook,0,49,0,Bournemouth,BOU,MID,0.0
Julio,Soler Barreto,0,40,0,Bournemouth,BOU,DEF,0.0
Benoît,Badiashile Mukinayi,0,44,0,Chelsea,CHE,DEF,0.0
Remy,Rees-Dottin,0,45,0,Bournemouth,BOU,MID,0.0
Ben,Gannon-Doak,0,50,0,Bournemouth,BOU,MID,0.0
Daniel,Adu-Adjei,0,44,0,Bournemouth,BOU,FWD,0.0
Enes,Ünal,0,55,0,Bournemouth,BOU,FWD,0.0
Zain,Silcott-Duberry,0,45,0,Bournemouth,BOU,MID,0.0
Dominic,Sadi,0,45,0,Bournemouth,BOU,MID,0.0
Paris,Maghoma,0,45,0,Brentford,BRE,MID,0.0
Yunus Emre,Konak,0,44,0,Brentford,BRE,MID,0.0
Romelle,Donovan,0,45,0,Brentford,BRE,MID,0.0
Gustavo,Nunes Fernandes Gomes,0,49,0,Brentford,BRE,MID,0.0
Vitaly,Janelt,0,49,0,Brentford,BRE,MID,0.0
Chris,Mepham,0,40,0,Bournemouth,BOU,DEF,0.0
Antony,dos Santos,0,59,0,Man Utd,MUN,MID,0.0
Marcus,Rashford,0,70,0,Man Utd,MUN,MID,0.0
Tyrell,Malacia,0,40,0,Man Utd,MUN,DEF,0.0
Tyler,Fredricson,0,40,0,Man Utd,MUN,DEF,0.0
Harry,Amass,0,40,0,Man Utd,MUN,DEF,0.0
Chido,Obi,0,44,0,Man Utd,MUN,FWD,0.0
Rasmus,Højlund,0,63,0,Man Utd,MUN,FWD,0.0
Jack,Moorhouse,0,45,0,Man Utd,MUN,MID,0.0
Sékou,Koné,0,45,0,Man Utd,MUN,MID,0.0
Jack,Fletcher,0,44,0,Man Utd,MUN,MID,0.0
Jayce,Fitzgerald,0,45,0,Man Utd,MUN,MID,0.0
Owen,Bevan,0,40,0,Bournemouth,BOU,DEF,0.0
Odysseas,Vlachodimos,0,40,0,Newcastle,NEW,GKP,0.0
Mark,Gillespie,0,40,0,Newcastle,NEW,GKP,0.0
Yoane,Wissa,0,75,0,Newcastle,NEW,FWD,0.0
Senne,Lammens,0,50,0,Man Utd,MUN,GKP,0.0
Ethan,Wheatley,0,45,0,Man Utd,MUN,FWD,0.0
Kalvin,Phillips,0,49,0,Man City,MCI,MID,0.0
Sverre,Nypan,0,50,0,Man City,MCI,MID,0.0
Claudio,Echeverri,0,54,0,Man City,MCI,MID,0.0
Mateo,Kovačić,0,60,0,Man City,MCI,MID,0.0
İlkay,Gündoğan,0,63,0,Man City,MCI,MID,0.0
Sávio,Moreira de Oliveira,0,69,0,Man City,MCI,MID,0.0
Julián,Araujo Zúñiga,0,40,0,Bournemouth,BOU,DEF,0.0
Toby,Collyer,0,45,0,Man Utd,MUN,MID,0.0
Zak,Johnson,0,40,0,Sunderland,SUN,DEF,0.0
Bryan,Gil Salvatierra,0,49,0,Spurs,TOT,MID,0.0
Jadon,Sancho,0,59,0,Aston Villa,AVL,MID,0.0
Zépiqueno,Redmond,0,45,0,Aston Villa,AVL,FWD,0.0
Kadan,Young,0,45,0,Aston Villa,AVL,MID,0.0
Jamaldeen,Jimoh-Aloba,0,45,0,Aston Villa,AVL,MID,0.0
Ian,Poveda-Ocampo,0,49,0,Sunderland,SUN,MID,0.0
Dan,Neil,0,49,0,Sunderland,SUN,MID,0.0
Max,Weiß,0,45,0,Burnley,BUR,GKP,0.0
Matai,Akinmboni,0,40,0,Bournemouth,BOU,DEF,0.0
Joe,Gauci,0,40,0,Aston Villa,AVL,GKP,0.0
Piero,Hincapié,0,55,0,Arsenal,ARS,DEF,0.0
Andre,Harriman-Annous,0,45,0,Arsenal,ARS,MID,0.0
Tommy,Setford,0,40,0,Arsenal,ARS,GKP,0.0
Christian,Nørgaard,0,54,0,Arsenal,ARS,MID,0.0
Fábio,Ferreira Vieira,0,54,0,Arsenal,ARS,MID,0.0
Krisztián,Hegyi,0,40,0,West Ham,WHU,GKP,0.0
Victor,Lindelöf,0,45,0,Aston Villa,AVL,DEF,0.0
Travis,Patterson,0,40,0,Aston Villa,AVL,DEF,0.0
Sam,Proctor,0,40,0,Aston Villa,AVL,GKP,0.0
Mikey,Moore,0,50,0,Spurs,TOT,MID,0.0
Ahmed,Abdullahi,0,44,0,Sunderland,SUN,FWD,0.0
Nectarios,Triantis,0,44,0,Sunderland,SUN,MID,0.0
Jay,Matete,0,45,0,Sunderland,SUN,MID,0.0
Harrison,Jones,0,45,0,Sunderland,SUN,MID,0.0
Radu,Drăgușin,0,45,0,Spurs,TOT,DEF,0.0
Ben,Davies,0,44,0,Spurs,TOT,DEF,0.0
Antonín,Kinský,0,40,0,Spurs,TOT,GKP,0.0
Brandon,Austin,0,40,0,Spurs,TOT,GKP,0.0
Bertrand,Traoré,0,55,0,Sunderland,SUN,MID,0.0
Brian,Brobbey,0,55,0,Sunderland,SUN,FWD,0.0
Luke,O'Nien,0,40,0,Sunderland,SUN,DEF,0.0
Dennis,Cirkin,0,40,0,Sunderland,SUN,DEF,0.0
Joe,Anderson,0,40,0,Sunderland,SUN,DEF,0.0
Aji,Alese,0,40,0,Sunderland,SUN,DEF,0.0
Blondy,Nna Noukeu,0,40,0,Sunderland,SUN,GKP,0.0
Simon,Moore,0,40,0,Sunderland,SUN,GKP,0.0
Anthony,Patterson,0,44,0,Sunderland,SUN,GKP,0.0
Dilane,Bakwa,0,60,0,Nott'm Forest,NFO,MID,0.0
Romaine,Mundle,0,49,0,Sunderland,SUN,MID,0.0
Milan,Aleksić,0,49,0,Sunderland,SUN,MID,0.0
Timothée,Pembélé,0,40,0,Sunderland,SUN,DEF,0.0
Leo Fuhr,Hjelde,0,40,0,Sunderland,SUN,DEF,0.0
John Victor,Maciel Furtado,0,40,0,Nott'm Forest,NFO,GKP,0.0
Douglas Luiz,Soares de Paulo,0,50,0,Nott'm Forest,NFO,MID,0.0
Angus,Gunn,0,40,0,Nott'm Forest,NFO,GKP,0.0
Taiwo,Awoniyi,0,54,0,Nott'm Forest,NFO,FWD,0.0
Antoñito,Cordero Campillo,0,49,0,Newcastle,NEW,MID,0.0
Matt,Targett,0,40,0,Newcastle,NEW,DEF,0.0
Rio,Cardines,0,45,0,Crystal Palace,CRY,MID,0.0
Zach,Marsh,0,45,0,Crystal Palace,CRY,FWD,0.0
Eddie,Nketiah,0,54,0,Crystal Palace,CRY,FWD,0.0
Franco,Umeh-Chibueze,0,45,0,Crystal Palace,CRY,MID,0.0
Triston,Rowe,0,40,0,Aston Villa,AVL,DEF,0.0
Nathan,Patterson,0,44,0,Everton,EVE,DEF,0.0
Jarrad,Branthwaite,0,53,0,Everton,EVE,DEF,0.0
Harry,Tyrer,0,40,0,Everton,EVE,GKP,0.0
Mark,Travers,0,45,0,Everton,EVE,GKP,0.0
Stefanos,Tzimas,0,54,0,Brighton,BHA,FWD,0.0
Evan,Ferguson,0,55,0,Brighton,BHA,FWD,0.0
Andrew,Moran,0,45,0,Brighton,BHA,MID,0.0
Adrian,Mazilu,0,45,0,Brighton,BHA,MID,0.0
Joe,Knight,0,45,0,Brighton,BHA,MID,0.0
Malick,Yalcouyé,0,50,0,Brighton,BHA,MID,0.0
Jeremy,Sarmiento Morante,0,49,0,Brighton,BHA,MID,0.0
James,Wright,0,40,0,Aston Villa,AVL,GKP,0.0
Oleksandr,Zinchenko,0,49,0,Nott'm Forest,NFO,DEF,0.0
Nick,Woltemade,0,70,0,Newcastle,NEW,FWD,0.0
Seung-Soo,Park,0,45,0,Newcastle,NEW,MID,0.0
James,McConnell,0,44,0,Liverpool,LIV,MID,0.0
Illia,Zabarnyi,0,50,0,Bournemouth,BOU,DEF,0.0
Alex,Paulsen,0,40,0,Bournemouth,BOU,GKP,0.0
Callan,McKenna,0,40,0,Bournemouth,BOU,GKP,0.0
Zach,Abbott,0,40,0,Nott'm Forest,NFO,DEF,0.0
Omar,Richards,0,45,0,Nott'm Forest,NFO,DEF,0.0
Nicolò,Savona,0,45,0,Nott'm Forest,NFO,DEF,0.0
Jair,Paula da Cunha Filho,0,44,0,Nott'm Forest,NFO,DEF,0.0
David,Mota Veiga Teixeira do Carmo,0,45,0,Nott'm Forest,NFO,DEF,0.0
Matt,Turner,0,40,0,Nott'm Forest,NFO,GKP,0.0
Carlos Miguel,dos Santos Pereira,0,40,0,Nott'm Forest,NFO,GKP,0.0
Marko,Stamenić,0,45,0,Nott'm Forest,NFO,MID,0.0
Eric,da Silva Moreira,0,45,0,Nott'm Forest,NFO,MID,0.0
Lewis,O'Brien,0,50,0,Nott'm Forest,NFO,MID,0.0
Nicolás,Domínguez,0,50,0,Nott'm Forest,NFO,MID,0.0
Willy,Boly,0,40,0,Nott'm Forest,NFO,DEF,0.0
Luis Eduardo,Soares da Silva,0,45,0,Nott'm Forest,NFO,DEF,0.0
Felipe,Rodrigues da Silva,0,44,0,Nott'm Forest,NFO,DEF,0.0
Yves,Bissouma,0,53,0,Spurs,TOT,MID,0.0
Luis Guilherme,Lira dos Santos,0,49,0,West Ham,WHU,MID,0.0
Maxwel,Cornet,0,49,0,West Ham,WHU,MID,0.0
Edson,Álvarez Velázquez,0,49,0,West Ham,WHU,MID,0.0
Kaelan,Casey,0,40,0,West Ham,WHU,DEF,0.0
Jakub,Kiwior,0,54,0,Arsenal,ARS,DEF,0.0
Sam,Johnstone,0,45,0,Wolves,WOL,GKP,0.0
Soungoutou,Magassa,0,50,0,West Ham,WHU,MID,0.0
Callum,Marshall,0,44,0,West Ham,WHU,FWD,0.0
Álex,Moreno Lopera,0,40,0,Aston Villa,AVL,DEF,0.0
Ollie,Scarles,0,44,0,West Ham,WHU,DEF,0.0
Tyler,Onyango,0,45,0,Everton,EVE,MID,0.0
Leander,Dendoncker,0,45,0,Aston Villa,AVL,MID,0.0
Ben,Broggio,0,45,0,Aston Villa,AVL,MID,0.0
Lewis,Dobbin,0,50,0,Aston Villa,AVL,MID,0.0
Enzo,Barrenechea,0,50,0,Aston Villa,AVL,MID,0.0
George,Earthy,0,45,0,West Ham,WHU,MID,0.0
Manor,Solomon,0,54,0,Spurs,TOT,MID,0.0
Nathan,Fraser,0,45,0,Wolves,WOL,FWD,0.0
Dejan,Kulusevski,0,64,0,Spurs,TOT,MID,0.0
Josh,Nichols,0,40,0,Arsenal,ARS,DEF,0.0
Maldini,Kacurri,0,40,0,Arsenal,ARS,DEF,0.0
Brayden,Clarke,0,40,0,Arsenal,ARS,DEF,0.0
Emerson,Palmieri dos Santos,0,44,0,West Ham,WHU,DEF,0.0
David,Ozoh,0,45,0,Crystal Palace,CRY,MID,0.0
Matheus,França de Oliveira,0,45,0,Crystal Palace,CRY,MID,0.0
Jesurun,Rak-Sakyi,0,45,0,Crystal Palace,CRY,MID,0.0
Malcolm,Ebiowei,0,45,0,Crystal Palace,CRY,MID,0.0
Naouirou,Ahamada,0,45,0,Crystal Palace,CRY,MID,0.0
Asher,Agbinone,0,45,0,Crystal Palace,CRY,MID,0.0
Kepa,Arrizabalaga Revuelta,0,44,0,Arsenal,ARS,GKP,0.0
Samuel,Iling-Junior,0,55,0,Aston Villa,AVL,MID,0.0
Owen,Dodgson,0,40,0,Burnley,BUR,DEF,0.0
Hannes,Delcroix,0,40,0,Burnley,BUR,DEF,0.0
Connor,Roberts,0,44,0,Burnley,BUR,DEF,0.0
Ross,Barkley,0,49,0,Aston Villa,AVL,MID,0.0
Etienne,Green,0,40,0,Burnley,BUR,GKP,0.0
Pierre,Ekwah Elimby,0,45,0,Sunderland,SUN,MID,0.0
Alan,Browne,0,45,0,Sunderland,SUN,MID,0.0
Abdoullah,Ba,0,44,0,Sunderland,SUN,MID,0.0
Manuel,Benson Hedilazio,0,54,0,Burnley,BUR,MID,0.0
Axel,Tuanzebe,0,40,0,Burnley,BUR,DEF,0.0
Shurandy,Sambo,0,40,0,Burnley,BUR,DEF,0.0
Lutsharel,Geertruida,0,45,0,Sunderland,SUN,DEF,0.0
Arthur,Masuaku,0,40,0,Sunderland,SUN,DEF,0.0
Nazarii,Rusyn,0,44,0,Sunderland,SUN,FWD,0.0
Lewis,Orford,0,44,0,West Ham,WHU,MID,0.0
Andrés,García,0,40,0,Aston Villa,AVL,DEF,0.0
Václav,Hladký,0,40,0,Burnley,BUR,GKP,0.0
Wes,Foderingham,0,40,0,West Ham,WHU,GKP,0.0
Sebastiaan,Bornauw,0,40,0,Leeds,LEE,DEF,0.0
Jaka,Bijol,0,40,0,Leeds,LEE,DEF,0.0
Karl,Darlow,0,40,0,Leeds,LEE,GKP,0.0
Alex,Cairns,0,40,0,Leeds,LEE,GKP,0.0
James,Maddison,0,69,0,Spurs,TOT,MID,0.0
Son,Heung-min,0,85,0,Spurs,TOT,MID,0.0
Luka,Vušković,0,39,0,Spurs,TOT,DEF,0.0
Takai,Kōta,0,40,0,Spurs,TOT,DEF,0.0
Jordan,Beyer,0,40,0,Burnley,BUR,DEF,0.0
Niall,Huggins,0,40,0,Sunderland,SUN,DEF,0.0
Yerson,Mosquera Valdelamar,0,44,0,Wolves,WOL,DEF,0.0
Luís Hemir,Silva Semedo,0,44,0,Sunderland,SUN,FWD,0.0
Leon,Bailey,0,55,0,Aston Villa,AVL,MID,0.0
Yasin,Özcan,0,40,0,Aston Villa,AVL,DEF,0.0
Alphonse,Areola,0,44,0,West Ham,WHU,GKP,0.0
Igor Julio,dos Santos de Paulo,0,45,0,West Ham,WHU,DEF,0.0
Randal,Kolo Muani,0,70,0,Spurs,TOT,FWD,0.0
Xavi,Simons,0,70,0,Spurs,TOT,MID,0.0
Dane,Scarlett,0,44,0,Spurs,TOT,FWD,0.0
Will,Lankshear,0,45,0,Spurs,TOT,FWD,0.0
Karl,Hein,0,40,0,Arsenal,ARS,GKP,0.0
Filip,Marschall,0,40,0,Aston Villa,AVL,GKP,0.0
Ashley,Phillips,0,40,0,Spurs,TOT,DEF,0.0
Lino,da Cruz Sousa,0,40,0,Aston Villa,AVL,DEF,0.0
Matt,Doherty,0,45,180,Wolves,WOL,DEF,0.0
Gabriel,Fernando de Jesus,0,65,0,Arsenal,ARS,FWD,0.0
Albert,Sambi Lokonga,0,45,0,Arsenal,ARS,MID,0.0
Ismeal,Kabia,0,45,0,Arsenal,ARS,MID,0.0
Boubacar,Traoré,0,50,0,Wolves,WOL,MID,0.0
Gonçalo Manuel,Ganchinho Guedes,0,55,0,Wolves,WOL,MID,0.0
Alfie,Pond,0,40,0,Wolves,WOL,DEF,0.0
Pedro,Cardoso de Lima,0,40,0,Wolves,WOL,DEF,0.0
Bastien,Meupiyou Menadjou,0,40,0,Wolves,WOL,DEF,0.0
Daniel,Bentley,0,40,0,Wolves,WOL,GKP,0.0
Leon,Chiwome,0,45,0,Wolves,WOL,FWD,0.0
Alejandro,Garnacho Ferreyra,0,64,0,Chelsea,CHE,MID,0.0
Joe,Hodge,0,45,0,Wolves,WOL,MID,0.0
Enso,González Medina,0,44,0,Wolves,WOL,MID,0.0
Tom,Edozie,0,44,0,Wolves,WOL,MID,0.0
Tawanda,Chirewa,0,44,0,Wolves,WOL,MID,0.0
Lucas,Pires Silva,0,40,0,Burnley,BUR,DEF,0.0
Yang,Min-hyeok,0,45,0,Spurs,TOT,MID,0.0
Bashir,Humphreys,0,40,0,Burnley,BUR,DEF,0.0
Christopher,Nkunku,0,59,0,Chelsea,CHE,MID,0.0
Tolu,Arokodare,0,55,0,Wolves,WOL,FWD,0.0
Ladislav,Krejcí,0,45,0,Wolves,WOL,DEF,0.0
Walter,Benítez,0,40,0,Crystal Palace,CRY,GKP,0.0
Jorrel,Hato,0,49,21,Chelsea,CHE,DEF,0.0
Fábio,Soares Silva,0,49,0,Wolves,WOL,FWD,0.0
Adam,Aznou,0,44,0,Everton,EVE,DEF,0.0
Tom,King,0,40,0,Everton,EVE,GKP,0.0
Martin,Sherif,0,44,0,Everton,EVE,FWD,0.0
Youssef,Ramalho Chermiti,0,49,0,Everton,EVE,FWD,0.0
Jenson,Metcalfe,0,45,0,Everton,EVE,MID,0.0
Isaac,Heath,0,45,0,Everton,EVE,MID,0.0
Coby,Ebere,0,45,0,Everton,EVE,MID,0.0
Callum,Bates,0,45,0,Everton,EVE,MID,0.0
Issa,Diop,0,44,0,Fulham,FUL,DEF,0.0
Steven,Benda,0,40,0,Fulham,FUL,GKP,0.0
Merlin,Röhl,0,50,0,Everton,EVE,MID,0.0
Kaden,Rodney,0,45,0,Crystal Palace,CRY,MID,0.0
Elijah,Campbell,0,40,0,Everton,EVE,DEF,0.0
Callum,Olusesi,0,44,0,Spurs,TOT,MID,0.0
Olivier,Boscagli,0,44,0,Brighton,BHA,DEF,0.0
Kjell,Scherpen,0,40,0,Brighton,BHA,GKP,0.0
Carl,Rushworth,0,40,0,Brighton,BHA,GKP,0.0
Tom,McGill,0,40,0,Brighton,BHA,GKP,0.0
Jason,Steele,0,45,0,Brighton,BHA,GKP,0.0
Iwan,Morgan,0,44,0,Brentford,BRE,FWD,0.0
Ryan,Trevitt,0,45,0,Brentford,BRE,MID,0.0
Christantus,Uche,0,55,0,Crystal Palace,CRY,FWD,0.0
Jaydee,Canvot,0,45,0,Crystal Palace,CRY,DEF,0.0
Tyler,Dibling,0,55,0,Everton,EVE,MID,0.0
Stefan,Bajčetić Maquieira,0,44,0,Liverpool,LIV,MID,0.0
Luis,Díaz Marulanda,0,80,0,Liverpool,LIV,MID,0.0
Calvin,Ramsay,0,39,0,Liverpool,LIV,DEF,0.0
Rhys,Williams,0,39,0,Liverpool,LIV,DEF,0.0
Amara,Nallo,0,39,0,Liverpool,LIV,DEF,0.0
Konstantinos,Tsimikas,0,49,0,Liverpool,LIV,DEF,0.0
Myles,Peart-Harris,0,45,0,Brentford,BRE,MID,0.0
Stefan,Ortega Moreno,0,49,0,Man City,MCI,GKP,0.0
Ederson,Santana de Moraes,0,53,0,Man City,MCI,GKP,0.0
Giovanni,Leoni,0,50,0,Liverpool,LIV,DEF,0.0
Alexander,Isak,0,104,0,Liverpool,LIV,FWD,0.0
Mamadou,Sarr,0,45,0,Chelsea,CHE,DEF,0.0
Darwin,Núñez Ribeiro,0,65,0,Liverpool,LIV,FWD,0.0
Trey,Nyoni,0,44,0,Liverpool,LIV,MID,0.0
Tyler,Morton,0,45,0,Liverpool,LIV,MID,0.0
Vitor,de Oliveira Nunes dos Reis,0,50,0,Man City,MCI,DEF,0.0
Manuel,Akanji,0,54,0,Man City,MCI,DEF,0.0
Joško,Gvardiol,0,58,0,Man City,MCI,DEF,0.0
Marcus,Bettinelli,0,40,0,Man City,MCI,GKP,0.0
Patrick,Bamford,0,49,0,Leeds,LEE,FWD,0.0
Darko,Gyabi,0,45,0,Leeds,LEE,MID,0.0
Reece,Welch,0,40,0,Everton,EVE,DEF,0.0
Roman,Dixon,0,40,0,Everton,EVE,DEF,0.0
Aarón,Anselmino,0,40,0,Chelsea,CHE,DEF,0.0
Jayden,Danns,0,44,0,Liverpool,LIV,FWD,0.0
Andreas,Hoelgebaum Pereira,0,53,0,Fulham,FUL,MID,0.0
Samuel,Amissah,0,40,0,Fulham,FUL,DEF,0.0
Abdallah,Sima,0,54,0,Brighton,BHA,MID,0.0
Julio,Enciso Espínola,0,54,0,Brighton,BHA,MID,0.0
Solly,March,0,59,0,Brighton,BHA,MID,0.0
Charlie,Tasker,0,40,0,Brighton,BHA,DEF,0.0
Illan,Meslier,0,44,0,Leeds,LEE,GKP,0.0
Kevin,Santos Lopes de Macedo,0,60,0,Fulham,FUL,MID,0.0
Samuel,Chukwueze,0,55,0,Fulham,FUL,MID,0.0
Benjamin,Lecomte,0,40,0,Fulham,FUL,GKP,0.0
Harrison,Reed,0,44,0,Fulham,FUL,MID,0.0
Joe,Gelhardt,0,45,0,Leeds,LEE,MID,0.0
Martial,Godo,0,45,0,Fulham,FUL,MID,0.0
Tom,Cairney,0,49,24,Fulham,FUL,MID,0.0
Isaac,Schmidt,0,40,0,Leeds,LEE,DEF,0.0
Nicolas,Jackson,0,65,0,Chelsea,CHE,FWD,0.0
Kendry,Páez Andrade,0,45,0,Chelsea,CHE,MID,0.0
Dário,Luís Essugo,0,44,0,Chelsea,CHE,MID,0.0
Cheick,Doucouré,0,50,0,Crystal Palace,CRY,MID,0.0
Caleb,Kporha,0,40,0,Crystal Palace,CRY,DEF,0.0
Rob,Holding,0,40,0,Crystal Palace,CRY,DEF,0.0
Chadi,Riad Dnanou,0,40,0,Crystal Palace,CRY,DEF,0.0
Borna,Sosa,0,50,0,Crystal Palace,CRY,DEF,0.0
Remi,Matthews,0,40,0,Crystal Palace,CRY,GKP,0.0
Luke,Harris,0,45,0,Fulham,FUL,MID,0.0
Charlie,Crew,0,45,0,Leeds,LEE,MID,0.0
Largie,Ramazani,0,49,0,Leeds,LEE,MID,0.0
Sam,Greenwood,0,49,0,Leeds,LEE,MID,0.0
Freddie,Woodman,0,40,0,Liverpool,LIV,GKP,0.0
Ármin,Pécsi,0,40,0,Liverpool,LIV,GKP,0.0
Giorgi,Mamardashvili,0,44,0,Liverpool,LIV,GKP,0.0
Mateo,Joseph Fernández-Regatillo,0,50,0,Leeds,LEE,FWD,0.0
Hákon Rafn,Valdimarsson,0,40,0,Brentford,BRE,GKP,0.0
Julian,Eyestone,0,40,0,Brentford,BRE,GKP,0.0
Matthew,Cox,0,40,0,Brentford,BRE,GKP,0.0
Ellery,Balcombe,0,40,0,Brentford,BRE,GKP,0.0
Pervis,Estupiñán Tenorio,0,45,0,Brighton,BHA,DEF,0.0
Andrew,Robertson,0,59,30,Liverpool,LIV,DEF,0.0
Jayden,Meghoma,0,40,0,Brentford,BRE,DEF,0.0
Kim,Ji-soo,0,40,0,Brentford,BRE,DEF,0.0
Benjamin,Fredrick,0,40,0,Brentford,BRE,DEF,0.0
Benjamin,Arthur,0,40,0,Brentford,BRE,DEF,0.0
Mads,Roerslev Rasmussen,0,45,0,Brentford,BRE,DEF,0.0
Ethan,Pinnock,0,44,0,Brentford,BRE,DEF,0.0
Jacob,Slater,0,40,0,Brighton,BHA,DEF,0.0
Eiran,Cashin,0,40,0,Brighton,BHA,DEF,0.0
Adam,Webster,0,44,0,Brighton,BHA,DEF,0.0
Tariq,Lamptey,0,44,0,Brighton,BHA,DEF,0.0
Ferdi,Kadıoğlu,0,44,44,Brighton,BHA,DEF,0.0
Conor,Bradley,0,50,10,Liverpool,LIV,DEF,0.0
